id;first_name;last_name;first_name_arabic;last_name_arabic;gender;date_of_birth;cin;url_photo;url_photo_content_type;address;phone;email;url_cin_attached;url_cin_attached_content_type;archivated;birth_place_id;place_of_residence_id
1;Bernard;Maillard;Russie Specialiste;innovative Self-enabling optical;MAN;2022-06-05;programming;../fake-data/blob/hipster.png;image/png;transition Savings;+33 568122964;Adenet.Dupuy@hotmail.fr;../fake-data/blob/hipster.png;image/png;false;1;1
2;Paulette;Mathieu;bluetooth Togo;invoice copying scalable;MAN;2022-06-05;Unbranded;../fake-data/blob/hipster.png;image/png;Shoes;0363938601;Irina95@hotmail.fr;../fake-data/blob/hipster.png;image/png;true;2;2
3;Reine;Masson;Plastic Future-proofed;Corse Tonga back-end;WOMAN;2022-06-06;engineer application;../fake-data/blob/hipster.png;image/png;virtual Account Awesome;0676852504;Raymonde.Andre@yahoo.fr;../fake-data/blob/hipster.png;image/png;false;3;3
4;Ancelin;Moulin;des Intelligent;Gorgeous;WOMAN;2022-06-05;AI Rosiers;../fake-data/blob/hipster.png;image/png;feed Russie;0710567560;Julien.Lefebvre@yahoo.fr;../fake-data/blob/hipster.png;image/png;true;4;4
5;Angoustan;Dufour;Charlemagne deposit multi-tasking;Visionary data-warehouse;WOMAN;2022-06-05;JSON Practical Chair;../fake-data/blob/hipster.png;image/png;Île-de-France;+33 785781688;Sauveur.Leclerc25@yahoo.fr;../fake-data/blob/hipster.png;image/png;true;5;5
6;Gaud;Carpentier;b Home;TCP cross-platform;MAN;2022-06-06;paradigms Namibia;../fake-data/blob/hipster.png;image/png;RAM d'Azur Berkshire;0797020809;Anthelme.Julien63@gmail.com;../fake-data/blob/hipster.png;image/png;true;6;6
7;Angilberte;Deschamps;application;c strategic;MAN;2022-06-05;Open-architected;../fake-data/blob/hipster.png;image/png;reciprocal fuchsia;+33 358978592;Christian.Brunet@gmail.com;../fake-data/blob/hipster.png;image/png;true;7;7
8;David;Masson;Picardie Cotton;c models panel;WOMAN;2022-06-06;Interface;../fake-data/blob/hipster.png;image/png;Aquitaine;0522180944;Orlane21@hotmail.fr;../fake-data/blob/hipster.png;image/png;true;8;8
9;Claude;Durand;Cambridgeshire;optimizing;MAN;2022-06-05;calculating;../fake-data/blob/hipster.png;image/png;Avon Rustic;+33 369944826;Argine_Duval@hotmail.fr;../fake-data/blob/hipster.png;image/png;true;9;9
10;Arthème;Huet;innovate;wireless;MAN;2022-06-05;technologies;../fake-data/blob/hipster.png;image/png;17(E.U.A.-17) a concept;+33 607355015;Gilles89@gmail.com;../fake-data/blob/hipster.png;image/png;true;10;10
